epoch,accuracy,loss,lr,val_accuracy,val_loss
0,0.9976372,0.01658951319184446,1e-04,0.9920802712440491,0.0474770232452888
1,0.9991899,0.007872363989618485,1e-04,0.9957761168479919,0.023327484270587263
2,0.9992545,0.00738929155129368,1e-04,0.9957761168479919,0.023215621111888945
3,0.99966216,0.0064713024388479215,1e-04,0.9968320727348328,0.023880816468970955
4,0.9994256,0.007165353127041709,1e-04,0.9947201609611511,0.03140548316106877
